{"AGO": [-11.202692, 17.873887], "DZA": [28.033886, 1.659626], "EGY": [26.820553, 30.802498], "BGD": [23.684994, 90.356331], "NER": [17.607789, 8.081666], "LIE": [47.166, 9.555373], "NAM": [-22.95764, 18.49041], "BGR": [42.733883, 25.48583], "BOL": [-16.290154, -63.588653], "GHA": [7.946527, -1.023194], "CCK": [-12.164165, 96.870956], "PAK": [30.375321, 69.345116], "CPV": [16.002082, -24.013197], "JOR": [30.585164, 36.238414], "LBR": [6.428055, -9.429499], "LBY": [26.3351, 17.228331], "MYS": [4.210484, 101.975766], "DOM": [18.735693, -70.162651], "PRI": [18.220833, -66.590149], "MYT": [-12.8275, 45.166244], "PRK": [40.339852, 127.510093], "PSE": [31.952162, 35.233154], "TZA": [-6.369028, 34.888822], "BWA": [-22.328474, 24.684866], "KHM": [12.565679, 104.990963], "TTO": [10.691803, -61.222503], "ETH": [9.145, 40.489673], "PRY": [-23.442503, -58.443832], "HKG": [22.396428, 114.109497], "SAU": [23.885942, 45.079162], "LBN": [33.854721, 35.862285], "SVN": [46.151241, 14.995463], "BFA": [12.238333, -1.561593], "CHE": [46.818188, 8.227512], "MRT": [21.00789, -10.940835], "HRV": [45.1, 15.2], "CHL": [-35.675147, -71.542969], "CHN": [35.86166, 104.195397], "KNA": [17.357822, -62.782998], "SLE": [8.460555, -11.779889], "JAM": [18.109581, -77.297508], "SMR": [43.94236, 12.457777], "GIB": [36.137741, -5.345374], "DJI": [11.825138, 42.590275], "GIN": [9.945587, -9.696645], "FIN": [61.92411, 25.748151], "URY": [-32.522779, -55.765835], "THA": [15.870032, 100.992541], "STP": [0.18636, 6.613081], "SYC": [-4.679574, 55.491977], "NPL": [28.394857, 84.124008], "CXR": [-10.447525, 105.690449], "LAO": [19.85627, 102.495496], "YEM": [15.552727, 48.516388], "PHL": [12.879721, 121.774017], "ZAF": [-30.559482, 22.937506], "KIR": [-3.370417, -168.734039], "ROU": [45.943161, 24.96676], "VIR": [18.335765, -64.896335], "SYR": [34.802075, 38.996815], "MAC": [22.198745, 113.543873], "NIC": [12.865416, -85.207229], "MLT": [35.937496, 14.375416], "KAZ": [48.019573, 66.923684], "TCA": [21.694025, -71.797928], "PYF": [-17.679742, -149.406843], "NIU": [-19.054445, -169.867233], "DMA": [15.414999, -61.370976], "BEN": [9.30769, 2.315834], "NGA": [9.081999, 8.675277], "BEL": [50.503887, 4.469936], "MSR": [16.742498, -62.187366], "TGO": [8.619543, 0.824782], "DEU": [51.165691, 10.451526], "GUM": [13.444304, 144.793731], "LKA": [7.873054, 80.771797], "FLK": [-51.796253, -59.523613], "GBR": [55.378051, -3.435973], "GUY": [4.860416, -58.93018], "CRI": [9.748917, -83.753428], "CMR": [7.369722, 12.354722], "MAR": [31.791702, -7.09262], "MNP": [17.33083, 145.38469], "LSO": [-29.609988, 28.233608], "HUN": [47.162494, 19.503304], "TKM": [38.969719, 59.556278], "SUR": [3.919305, -56.027783], "NLD": [52.132633, 5.291266], "BMU": [32.321384, -64.75737], "TCD": [15.454166, 18.732207], "GEO": [42.315407, 43.356892], "MNE": [42.708678, 19.37439], "MNG": [46.862496, 103.846656], "MHL": [7.131474, 171.184478], "BLZ": [17.189877, -88.49765], "MMR": [21.913965, 95.956223], "AFG": [33.93911, 67.709953], "BDI": [-3.373056, 29.918886], "VGB": [18.420695, -64.639968], "BLR": [53.709807, 27.953389], "BLM": [17.9, -62.83333], "GRD": [12.262776, -61.604171], "TKL": [-8.967363, -171.855881], "GRC": [39.074208, 21.824312], "RUS": [61.52401, 105.318756], "GRL": [71.706936, -42.604303], "SHN": [-24.143474, -10.030696], "AND": [42.546245, 1.601554], "MOZ": [-18.665695, 35.529562], "TJK": [38.861034, 71.276093], "XKX": [42.602636, 20.902977], "HTI": [18.971187, -72.285215], "MEX": [23.634501, -102.552784], "ANT": [12.226079, -69.060087], "ZWE": [-19.015438, 29.154857], "LCA": [13.909444, -60.978893], "IND": [20.593684, 78.96288], "LVA": [56.879635, 24.603189], "BTN": [27.514162, 90.433601], "VCT": [12.984305, -61.287228], "VNM": [14.058324, 108.277199], "NOR": [60.472024, 8.468946], "CZE": [49.817492, 15.472962], "ATG": [17.060816, -61.796428], "FJI": [-16.578193, 179.414413], "IOT": [-6.343194, 71.876519], "HND": [15.199999, -86.241905], "MUS": [-20.348404, 57.552152], "ATA": [-75.250973, -0.071389], "LUX": [49.815273, 6.129583], "ISR": [31.046051, 34.851612], "FSM": [7.425554, 150.550812], "PER": [-9.189967, -75.015152], "REU": [-21.115141, 55.536384], "IDN": [-0.789275, 113.921327], "VUT": [-15.376706, 166.959158], "MKD": [41.608635, 21.745275], "COD": [-4.038333, 21.758664], "COG": [-0.228021, 15.827659], "ISL": [64.963051, -19.020835], "COK": [-21.236736, -159.777671], "COM": [-11.875001, 43.872219], "COL": [4.570868, -74.297333], "PRT": [39.399872, -8.224454], "MDA": [47.411631, 28.369885], "GGY": [49.465691, -2.585278], "MDG": [-18.766947, 46.869107], "ECU": [-1.831239, -78.183406], "SEN": [14.497401, -14.452362], "NZL": [-40.900557, 174.885971], "MDV": [3.202778, 73.22068], "ASM": [-14.270972, -170.132217], "SPM": [46.941936, -56.27111], "SRB": [44.016521, 21.005859], "FRA": [46.227638, 2.213749], "LTU": [55.169438, 23.881275], "RWA": [-1.940278, 29.873888], "ZMB": [-13.133897, 27.849332], "GMB": [13.443182, -15.310139], "WLF": [-13.768752, -177.156097], "JEY": [49.214439, -2.13125], "FRO": [61.892635, -6.911806], "GTM": [15.783471, -90.230759], "DNK": [56.26392, 9.501785], "IMN": [54.236107, -4.548056], "AUS": [-25.274398, 133.775136], "AUT": [47.516231, 14.550072], "SJM": [77.553604, 23.670272], "VEN": [6.42375, -66.58973], "PLW": [7.51498, 134.58252], "KEN": [-0.023559, 37.906193], "WSM": [-13.759029, -172.104629], "TUR": [38.963745, 35.243322], "ALB": [41.153332, 20.168331], "OMN": [21.512583, 55.923255], "TUV": [-7.109535, 177.64933], "ITA": [41.87194, 12.56738], "BRN": [4.535277, 114.727669], "TUN": [33.886917, 9.537499], "PCN": [-24.703615, -127.439308], "BRB": [13.193887, -59.543198], "BRA": [-14.235004, -51.92528], "CIV": [7.539989, -5.54708], "TLS": [-8.874217, 125.727539], "GNQ": [1.650801, 10.267895], "USA": [37.09024, -95.712891], "QAT": [25.354826, 51.183884], "SWE": [60.128161, 18.643501], "AZE": [40.143105, 47.576927], "GNB": [11.803749, -15.180413], "SWZ": [-26.522503, 31.465866], "TON": [-21.178986, -175.198242], "CAN": [56.130366, -106.346771], "UKR": [48.379433, 31.16558], "KOR": [35.907757, 127.766922], "AIA": [18.220554, -63.068615], "CAF": [6.611111, 20.939444], "SVK": [48.669026, 19.699024], "CYP": [35.126413, 33.429859], "BIH": [43.915886, 17.679076], "SGP": [1.352083, 103.819836], "TWN": [23.69781, 120.960515], "SOM": [5.152149, 46.199616], "UZB": [41.377491, 64.585262], "ERI": [15.179384, 39.782334], "POL": [51.919438, 19.145136], "KWT": [29.31166, 47.481766], "GAB": [-0.803689, 11.609444], "CYM": [19.513469, -80.566956], "VAT": [41.902916, 12.453389], "EST": [58.595272, 25.013607], "MWI": [-13.254308, 34.301525], "ESP": [40.463667, -3.74922], "IRQ": [33.223191, 43.679291], "SLV": [13.794185, -88.89653], "MLI": [17.570692, -3.996166], "IRL": [53.41291, -8.24389], "IRN": [32.427908, 53.688046], "ABW": [12.52111, -69.968338], "PNG": [-6.314993, 143.95555], "PAN": [8.537981, -80.782127], "SDN": [12.862807, 30.217636], "SLB": [-9.64571, 160.156194], "ESH": [24.215527, -12.885834], "MCO": [43.750298, 7.412841], "JPN": [36.204824, 138.252924], "KGZ": [41.20438, 74.766098], "UGA": [1.373333, 32.290275], "NCL": [-20.904305, 165.618042], "ARE": [23.424076, 53.847818], "ARG": [-38.416097, -63.616672], "BHS": [25.03428, -77.39628], "BHR": [25.930414, 50.637772], "ARM": [40.069099, 45.038189], "NRU": [-0.522778, 166.931503], "CUB": [21.521757, -77.781167], "MTQ": [14.641528, -61.024174], "GLP": [16.995971, -62.067641]}