{"WA": [47.751074, -120.740139], "VA": [37.431573, -78.656894], "DE": [38.910832, -75.52767], "DC": [38.905985, -77.033418], "WI": [43.78444, -88.787868], "WV": [38.597626, -80.454903], "HI": [19.898682, -155.665857], "FL": [27.664827, -81.515754], "WY": [43.075968, -107.290284], "NH": [43.193852, -71.572395], "NJ": [40.058324, -74.405661], "NM": [34.97273, -105.032363], "TX": [31.968599, -99.901813], "LA": [31.244823, -92.145024], "NC": [35.759573, -79.0193], "ND": [47.551493, -101.002012], "NE": [41.492537, -99.901813], "TN": [35.517491, -86.580447], "NY": [43.299428, -74.217933], "PA": [41.203322, -77.194525], "CA": [36.778261, -119.417932], "NV": [38.80261, -116.419389], "PR": [18.220833, -66.590149], "CO": [39.550051, -105.782067], "AK": [63.588753, -154.493062], "AL": [32.318231, -86.902298], "AR": [35.20105, -91.831833], "VT": [44.558803, -72.577841], "IL": [40.633125, -89.398528], "GA": [32.157435, -82.907123], "IN": [40.551217, -85.602364], "IA": [41.878003, -93.097702], "OK": [35.007752, -97.092877], "AZ": [34.048928, -111.093731], "ID": [44.068202, -114.742041], "CT": [41.603221, -73.087749], "ME": [45.253783, -69.445469], "MD": [39.045755, -76.641271], "MA": [42.407211, -71.382437], "OH": [40.417287, -82.907123], "UT": [39.32098, -111.093731], "MO": [37.964253, -91.831833], "MN": [46.729553, -94.6859], "MI": [44.314844, -85.602364], "RI": [41.580095, -71.477429], "KS": [39.011902, -98.484246], "MT": [46.879682, -110.362566], "MS": [32.354668, -89.398528], "SC": [33.836081, -81.163725], "KY": [37.839333, -84.270018], "OR": [43.804133, -120.554201], "SD": [43.969515, -99.901813]}